INSERT INTO PRODUCTS (PID,PRODUCT_NAME,PRICE,QUANTITY) VALUES 
(1, 'SAMSUNG S7 GOLD', 43000,20),
(2, 'SAMSUNG S7 BLACK', 43000,20), 
(3, 'IPHONE 6S GOLD 16 GB', 48000,20),
(4, 'IPHONE 6S GOLD 32 GB', 55000,20),
(5, 'IPHONE 6S GOLD 64 GB', 61000,20),
(6, 'IPHONE 6S PLUS GOLD 16 GB', 54000,20),
(7, 'IPHONE 6S PLUS GOLD 32 GB', 61000,20),
(8, 'IPHONE 6S PLUS GOLD 64 GB', 67000,20),
(9, 'INTEX ECO BLACK', 2950,20),
(10, 'NOKIA 215 BLACK', 3300,20),
(11, 'SAMSUNG METRO XL WHITE', 2700,20),
(12, 'VORSON IPHONE 6S BLACK CASE', 480,20),
(13, 'CUBIX IPHONE 6S WHITE CASE',220,20),
(14, 'SAMSUNG S7 OFFICIAL COVER', 610,20);

INSERT INTO PRODUCT_CATEGORY (PID, CATEGORY) VALUES
(1,'ELECTRONICS'),(1,'MOBILE'),(1,'SMARTPHONES'),
(2,'ELECTRONICS'),(2,'MOBILE'),(2,'SMARTPHONES'),
(3,'ELECTRONICS'),(3,'MOBILE'),(3,'SMARTPHONES'),
(4,'ELECTRONICS'),(4,'MOBILE'),(4,'SMARTPHONES'),
(5,'ELECTRONICS'),(5,'MOBILE'),(5,'SMARTPHONES'),
(6,'ELECTRONICS'),(6,'MOBILE'),(6,'SMARTPHONES'),
(7,'ELECTRONICS'),(7,'MOBILE'),(7,'SMARTPHONES'),
(8,'ELECTRONICS'),(8,'MOBILE'),(8,'SMARTPHONES'),
(9,'ELECTRONICS'),(9,'MOBILE'),(9,'FEATURE PHONES'),
(10,'ELECTRONICS'),(10,'MOBILE'),(10,'FEATURE PHONES'),
(11,'ELECTRONICS'),(11,'MOBILE'),(11,'FEATURE PHONES'),
(12,'MOBILE'),(12,'SMARTPHONES'),(12,'CASES'),
(13,'MOBILE'),(13,'SMARTPHONES'),(13,'CASES'),
(14,'MOBILE'),(14,'SMARTPHONES'),(14,'CASES');

 INSERT INTO ATTRIBUTE_VALUES (PID,ATTRIBUTE,ATT_VALUE) VALUES
(1,'COLOUR','Gold'), (1,'SIZE','5.1 Inches'),(1,'PROCESSOR', 'Exynos 8890'), (1,'OS','Android M'),(1,'RAM', '4 GB'),(1,'STORAGE_CAPACITY' ,'32 GB'),
(2,'COLOUR','BLACK'), (2,'SIZE','5.1 Inches'),(2,'PROCESSOR', 'Exynos 8890'), (2,'OS','Android M'),(2,'RAM', '4 GB'),(2,'STORAGE_CAPACITY', '32 GB'),
(3,'COLOUR','GOLD'), (3,'SIZE','4.7 Inches'),(3,'PROCESSOR', 'Twister'), (3,'OS','IOS 7'),(3,'RAM', '2 GB'),(3,'STORAGE_CAPACITY', '16 GB'),
(4,'COLOUR','GOLD'), (4,'SIZE','4.7 Inches'),(4,'PROCESSOR', 'Twister'), (4,'OS','IOS 7'),(4,'RAM', '2 GB'),(4,'STORAGE_CAPACITY', '32 GB'),
(5,'COLOUR','GOLD'), (5,'SIZE','4.7 Inches'),(5,'PROCESSOR', 'Twister'), (5,'OS','IOS 7'),(5,'RAM', '2 GB'),(5,'STORAGE_CAPACITY', '64 GB'),
(6,'COLOUR','GOLD'), (6,'SIZE','5.1 Inches'),(6,'PROCESSOR', 'Twister'), (6,'OS','IOS 7'),(6,'RAM', '2 GB'),(6,'STORAGE_CAPACITY', '16 GB'),
(7,'COLOUR','GOLD'), (7,'SIZE','5.1 Inches'),(7,'PROCESSOR', 'Twister'), (7,'OS','IOS 7'),(7,'RAM', '2 GB'),(7,'STORAGE_CAPACITY', '32 GB'),
(8,'COLOUR','GOLD'), (8,'SIZE','5.1 Inches'),(8,'PROCESSOR', 'Twister'), (8,'OS','IOS 7'),(8,'RAM', '2 GB'),(8,'STORAGE_CAPACITY', '64 GB'),
(9,'COLOUR','BLACK'), (9,'SIZE','1.8 Inches'),(9,'BATTERY_CAPACITY','800 mAH'),
(10,'COLOUR','BLACK'), (10,'SIZE','2.4 Inches'),(10,'BATTERY_CAPACITY','1100 mAH'),
(11,'COLOUR','WHITE'), (11,'SIZE','3.3 Inches'),(11,'BATTERY_CAPACITY','1200 mAH'),
(12,'COLOUR','WHITE'), (12,'TYPE', 'BACK COVER'),
(13,'COLOUR','SILVER'), (13,'TYPE', 'FLIP COVER')
;